{"val_loss": [1.036073371088466, 0.8403837474530217, 0.8045287258461943, 0.7374529810774015, 0.7767668186416941, 0.5385376892025289, 0.5152489525366102, 0.4747223990942057, 0.46103249478278263, 0.5529268560567052, 0.5088709313339017, 0.4895876236957671, 0.47875710728795173, 0.5321094068106649, 0.5143292596131193, 0.5517512787076954, 0.5692788106024361, 0.6576581763513665, 0.6368607303631703, 0.6367479406979014, 0.6616357828201104, 0.7414567673017745, 0.7649354961641096, 0.8030909272953347, 0.7310374420718667, 0.8784131180549903, 0.6916261214287749, 0.9528328461034471, 0.7822964763607335, 0.9930976225557981], "val_acc": [0.6066775244299675, 0.6893322475570033, 0.7058224755700325, 0.7390065146579805, 0.7432817589576547, 0.8129071661237784, 0.823900651465798, 0.8344869706840391, 0.8403908794788274, 0.8236970684039088, 0.8379478827361564, 0.8385586319218241, 0.8536237785016286, 0.8489413680781759, 0.8552524429967426, 0.8469055374592834, 0.8491449511400652, 0.8519951140065146, 0.8534201954397395, 0.8444625407166124, 0.8438517915309446, 0.8348941368078175, 0.8505700325732899, 0.8469055374592834, 0.8485342019543974, 0.8196254071661238, 0.8434446254071661, 0.8171824104234527, 0.8430374592833876, 0.8265472312703583], "loss": [1.4976164071190334, 1.1195162612862348, 0.9318218890825036, 0.7863499668244672, 0.70317409300433, 0.6394000875697641, 0.5848562158668702, 0.5555406381812855, 0.4963458145200239, 0.45762089835722847, 0.42683305998994997, 0.3844062080412835, 0.3504499460395572, 0.31910315541947876, 0.29498081631399814, 0.25043070954294144, 0.2423357086748659, 0.2245780458623092, 0.18926795035705005, 0.20072039030653108, 0.18033595292701318, 0.15605078453333965, 0.1489998006314248, 0.1325064987784678, 0.13639772235134232, 0.14206662557311894, 0.13680072159963289, 0.10261804010086227, 0.12208981257128734, 0.10945188377174524], "acc": [0.3862091646568735, 0.5627055470291603, 0.658956369217277, 0.7225389169041877, 0.7556456917342688, 0.7809690857268143, 0.8002631001973252, 0.813746985310239, 0.8308484981363736, 0.8420302565226924, 0.8552948914711686, 0.8710809033106774, 0.8846744135058101, 0.889388292041219, 0.9005700504275378, 0.9172330629247972, 0.9206314404735804, 0.9258934444200834, 0.9411313308484981, 0.9344442008331506, 0.9431045823284367, 0.9508879631659723, 0.9547248410436308, 0.9561499671124754, 0.9564788423591317, 0.9553825915369436, 0.9585617189212892, 0.9671124753343565, 0.9610830958123219, 0.9661258495943872]}